Accession Number,EC,Species,Label,Enzyme,Reaction ID,Mechanism,Substrates,Products,Km,Kcat,Inhibitors,KI
,5.3.1.9,Escherichia coli,R1,Glucose-6-phosphate isomerase,R00771,MRL,C00092,C00085,Km_C00085: 0.2; Km_C00092: 0.28,Kcat_F: 1.292204517; Kcat_R: 0.832305128,C00199;C00117;C00074;C00345,C00199_KI: 0.2124285399913787;C00117_KI: 0.6574572324752808;C00074_KI: 0.1728342622518539;C00345_KI: 0.1329662054777145
,5.3.1.9,Escherichia coli,R2,Glucose-6-phosphate isomerase,R02740,MRL,C00668,C05345,Km_C05345: 0.147; Km_C00668: 0.678788722,Kcat_F: 1.292204517; Kcat_R: 0.832305128,C00199;C00117;C00074;C00345,C00199_KI: 0.2124285399913787;C00117_KI: 0.6574572324752808;C00074_KI: 0.1728342622518539;C00345_KI: 0.1329662054777145
,5.3.1.9,Escherichia coli,R3,Glucose-6-phosphate isomerase,R03321,MRL,C01172,C05345,Km_C05345: 0.147; Km_C01172: 0.678788722,Kcat_F: 1.292204517; Kcat_R: 0.832305128,C00199;C00117;C00074;C00345,C00199_KI: 0.2124285399913787;C00117_KI: 0.6574572324752808;C00074_KI: 0.1728342622518539;C00345_KI: 0.1329662054777145
,5.3.1.9,Escherichia coli,R4,Glucose-6-phosphate isomerase,R02739,MRL,C00668,C01172,Km_C01172: 0.678788722; Km_C00668: 0.678788722,Kcat_F: 1.292204517; Kcat_R: 1.292204517,C00199;C00117;C00074;C00345,C00199_KI: 0.2124285399913787;C00117_KI: 0.6574572324752808;C00074_KI: 0.1728342622518539;C00345_KI: 0.1329662054777145
