Accession Number,EC,Species,Label,Enzyme,Reaction ID,Mechanism,Substrates,Products,Km,Kcat,Inhibitors,KI,Keq
Heterologous,4.3.1.17,Dictyostelium discoideum,R406,L-serine ammonia-lyase,R00220,MRL,1 C00065,1 C00014; 1 C00022,Km_C00014: 2.321814537; Km_C00022: 0.786924958; Km_C00065: 0.995956302,Kcat_F: 3.547282326; Kcat_R: 16.004088045,C05167;C00001;C00022;C00065;C00161;C02218;C00014,C00001_KI: 1.243283153;C00065_KI: 0.995956302;C05167_KI: 1.3902921916;C02218_KI: 1.603482008;C00022_KI: 0.786924958;C00161_KI: 1.3902921916;C00014_KI: 2.321814537,Keq: 194010.3367263319
Heterologous,1.17.1.9,Starkeya novella,R197,Formate dehydrogenase,R00519,MRL,1 C00003; 1 C00058,1 C00004; 1 C00011; 1 C00080,Km_C00058: 6.299069881; Km_C00003: 0.179658741; Km_C00080: 3.996599674; Km_C00011: 3.174462318; Km_C00004: 0.080049999,Kcat_F: 12.1695376695; Kcat_R: 26.700187375,,,Keq: 336.0231457353914
Heterologous,1.1.1.37,Escherichia coli,R269,Malate dehydrogenase,R00342,MRL,1 C00003; 1 C00149,1 C00004; 1 C00036; 1 C00080,Km_C00004: 0.061; Km_C00036: 0.0445; Km_C00080: 1.627506971; Km_C00003: 0.105280019; Km_C00149: 0.00012,Kcat_F: 3.0071600060000003; Kcat_R: 467.479811568,C02441;C00003;C00004;C00024;C00036;C00010;C00149;C00741;C11592;C00002;C00209;C00080,C00741_KI: 0.211944282;C00080_KI: 1.627506971;C00036_KI: 0.066584691;C00149_KI: 0.161660373;C00003_KI: 0.105280019;C02441_KI: 0.095263213;C00024_KI: 0.036240213;C00209_KI: 0.177507535;C00004_KI: 0.034674671;C00002_KI: 0.045088965;C00010_KI: 0.03518714;C11592_KI: 0.23608527936363635,Keq: 2.2614869409243306e-05
Heterologous,6.4.1.1,Rhizobium etli,R345,Pyruvate carboxylase,R00344,MRL,1 C00002; 1 C00022; 1 C00011,1 C00008; 1 C00009; 1 C00036,Km_C00008: 0.060795698; Km_C00009: 1.167335033; Km_C00036: 0.202194154; Km_C00002: 0.069778137; Km_C00022: 9.7; Km_C00011: 10.8,Kcat_F: 7.969744614476191; Kcat_R: 1.3504319023333335,C00022;C00036;C00002;C00009;C00008;C00011,C00009_KI: 1.167335033;C00002_KI: 0.069778137;C00036_KI: 0.202194154;C00011_KI: 1.142170787;C00008_KI: 0.060795698;C00022_KI: 0.670731664,Keq: 18.246066896771694
